left_foot_pressure,right_foot_pressure,core_stability
0.4247240713084176,0.3110797573031718,0.4831939786151341
0.7704285838459497,0.525140568427015,0.4728851593503999
0.6391963650868431,0.7237675015258451,0.9343782063647257
0.559195090518222,0.6393349318457369,0.4746823398946542
0.293611184265462,0.6839366887168699,0.4903648082900417
0.2935967122017216,0.5952700200264305,0.8315787836925745
0.2348501673009197,0.6153659387107115,0.614817889715378
0.7197056874649612,0.7095173909391916,0.8436973898686269
0.5606690070459254,0.3498008053155116,0.3457563102950696
0.6248435466776274,0.4936549781858843,0.641299835571369
0.2123506965774815,0.3327256650917614,0.3235295201282978
0.7819459112971967,0.7926008047979882,0.3438572424187482
0.6994655844802531,0.766435603811968,0.9345062173410876
0.3274034664069657,0.2236560868211036,0.3974717597823166
0.3090949803242604,0.6233451035094131,0.672694477592652
0.3100427059120603,0.7551489904493995,0.5877669218204946
0.3825453457757226,0.3083452070764001,0.5431403283811899
0.5148538589793428,0.5407671383315777,0.9298833419810906
0.4591670111852695,0.7492929785528253,0.3152763777428426
0.3747374841188252,0.2203675871514793,0.7646527803229124
0.5671117368334277,0.618452160348104,0.9743761039494852
0.2836963163912251,0.3784094044235305,0.6921177284232893
0.3752867891211309,0.7546377172259184,0.9557757234231643
0.4198171059762151,0.7826349470992207,0.3365805155002166
0.4736419905302216,0.7665598934680604,0.5931553233519129
0.6711055768358083,0.4845285299944783,0.4821104536734358
0.3198042692950159,0.717225590593588,0.8115746754865107
0.508540663048167,0.7067296391210423,0.9869079633480726
0.5554487413172255,0.3914602839459534,0.4795710437109735
0.2278702476319986,0.6973492844904066,0.7579222210318521
0.5645269111408631,0.2222045808292956,0.4386683429318181
0.302314474212375,0.5577619270892319,0.695731178200127
0.2390309557911677,0.3380053023726218,0.6247527406818353
0.769331322352,0.2723401314663673,0.9804037307420759
0.7793792198447358,0.2461719209775255,0.7259690908875265
0.6850384088698768,0.6177732655268839,0.5446544604607731
0.3827682615040224,0.4039249782608397,0.3798670494215534
0.2586032684038304,0.6348600629172569,0.4058727801144542
0.6105398159072942,0.2392138044793654,0.4577218509658645
0.4640914962437608,0.3891742026983662,0.4756766629382085
0.2732229409068673,0.5236947754252024,0.8954312404887965
0.4971061460667622,0.6744338989033782,0.6928559517977675
0.220633112669131,0.3912515017592419,0.6663736379620564
0.7455922412472693,0.5755348258622055,0.3803382103084522
0.3552679889600102,0.7315866489417124,0.9020977853446044
0.5975133706123892,0.5695179129093828,0.8059700122459386
0.3870266456536466,0.3397756848521803,0.3473678533300011
0.5120408127066866,0.2146404689339228,0.795484568060838
0.5280261676059679,0.722059324340558,0.6804767521398523
0.3109126733153162,0.2127616465102323,0.3572077420227447
0.7817507766587353,0.7248210036105198,0.6208104490700594
0.6650796940166688,0.5173622804163273,0.6392874009910329
0.7636993649385135,0.7634406191077379,0.416042178114293
0.7368964102565894,0.6792699414641994,0.9619887029001977
0.5587399872866512,0.7987604663200025,0.8949827600364633
0.7531245410138703,0.4104270892710261,0.7683156361303758
0.2530955012311517,0.6603129733586762,0.623606892700425
0.3175897174514871,0.4411585481655453,0.588235879109156
0.2271363733463229,0.4879253721823454,0.7556814270056679
0.3951981984579587,0.5765032779310222,0.6818023085848338
0.4332063738136893,0.7242062685118034,0.3435911741173199
0.3628094190643376,0.7904500815195772,0.6587518541392321
0.6972425054911577,0.6609640483187109,0.8644825320629876
0.4140519960161536,0.4506600693004003,0.6214679143178706
0.3685607058124285,0.4528142013662422,0.3363696042879879
0.5256176498949492,0.6425493809533349,0.8503947395688232
0.2845545349848576,0.3432662874609814,0.440954647495182
0.6813181884524239,0.2662844678788368,0.4810345844216271
0.2447303862078625,0.412773294584466,0.4152944474026071
0.7921321619603106,0.3723433949924491,0.5311505454100482
0.6633468615779945,0.3777848722735941,0.8297260539820446
0.3192294089205034,0.340164650629946,0.6635701016527561
0.2033132702741615,0.2252559137818171,0.4434168919054988
0.6892768570729007,0.2107243608400483,0.9144810547064286
0.6241144063085704,0.792633433841619,0.9157072984660704
0.6374043008245924,0.4566638802415174,0.9094048975322049
0.6627622080115676,0.430595988295809,0.4671573479670775
0.2444267910404542,0.6077883696158419,0.6158675409266916
0.4150794371265636,0.3309523327190386,0.9894927592986125
0.2695214357150779,0.7699767103701354,0.8404087334169932
0.7178620555253561,0.6718070086493313,0.3190171948578919
0.5739788760965348,0.2536466013873557,0.3456432138823444
0.3985388149115895,0.4505484654709571,0.624751963768633
0.2381350101716142,0.7274709845372989,0.936454144103092
0.3865893930293973,0.7668392133748463,0.6770912585669
0.3951099932160482,0.4804409067499219,0.6484687556240032
0.6377637070028386,0.5680468335264247,0.3738315899696414
0.5825344828131279,0.3002203676552452,0.7597460733070058
0.7323276455457961,0.794701175682186,0.8754722124201577
0.4833289550971696,0.3390030208300661,0.5662940052552936
0.2717565475629811,0.7656390644810755,0.8429282956477291
0.6279468723337971,0.5897879893954212,0.975133657730568
0.6564710291701386,0.5646420769273155,0.4426365213893824
0.5367663185416978,0.5076131066099052,0.6663307418363189
0.6625803079727366,0.3384018870306552,0.5009965706592029
0.4962773578186345,0.305916819203305,0.8549980933236876
0.5136396976291965,0.3322917254421053,0.7043153561168103
0.4565246110151298,0.3118629572865527,0.7442076922852126
0.2152514760464571,0.667750684140052,0.8585399117311259
0.2647348561959827,0.4100751555000381,0.5771793308637183
0.2188575114120406,0.2347056059380379,0.9405630478849303
0.5818462467582683,0.7814615780844869,0.6731202070722979
0.388613588645796,0.7302715309780554,0.4105683759847436
0.5051424146988217,0.7566513699171278,0.7871293827181617
0.7445398843556559,0.7969446935878612,0.8552829453067781
0.349575337489325,0.3043371495316924,0.5217331739472686
0.4462297538213779,0.4377452113415953,0.900025479899127
0.6533306831258292,0.6549430854224549,0.9343002783360363
0.3372788992949735,0.6176123708322754,0.4938331411644662
0.2461879458972758,0.2923375438039131,0.9884650309006553
0.3738508717482608,0.6894998749943708,0.3984980696341309
0.2967327723524027,0.3346643431019964,0.4414109678817429
0.757818591405544,0.3342905688935739,0.4289573874666183
0.6848722277386503,0.5221846537360482,0.9257927970055093
0.5800422539062542,0.555763960905022,0.7580047866274733
0.7228763541126306,0.5480517247026868,0.406472998255591
0.6822032461394687,0.254892102438653,0.6082263928578442
0.3119420353316215,0.7264765175782284,0.7307086175488614
0.7355353990939868,0.3593600255532237,0.3584248594925683
0.5236053451493905,0.2777089527696825,0.917691457885137
0.6844640930984376,0.7332488479213863,0.8625224748090745
0.737654779954096,0.7733908989378522,0.6536447415036467
0.3908020849831184,0.7172765703592705,0.9769886306814193
0.2660311547166061,0.6857096448349269,0.5924326854925698
0.336761097525165,0.5931451883834131,0.9888772233255485
0.4562646731757538,0.5305144223654836,0.7675439991625389
0.690808859553496,0.2521920559468461,0.744269891277759
0.7164383499538061,0.4450719278424193,0.4161684267070495
0.2041712783187144,0.4236131102073885,0.9173494308132508
0.5064483815465395,0.3558522702561958,0.5992427815444306
0.4504466018892674,0.634052068213151,0.4135633840477355
0.3332646862824382,0.4975254410472625,0.3088252639830313
0.2719192204002097,0.2486277295445888,0.6918289785468678
0.4025691028421768,0.3321099211698868,0.6691797354858734
0.7657458223475115,0.6099552581957577,0.803547535658411
0.3939217592124532,0.2456785156941801,0.9231806371124613
0.5112743730460196,0.7107241484292612,0.3555846092501206
0.6218113753371068,0.4970879162083847,0.8120475432382537
0.4181777614275765,0.4883519463959888,0.4311883608683075
0.7830692496325764,0.5554446707957106,0.9007239372100146
0.7774683769652668,0.6948085795550896,0.8733444597031592
0.3510693774952185,0.4086855247413159,0.678555628489881
0.4983491035354313,0.6068096915354382,0.797169959036318
0.3805269858900618,0.5394391783974747,0.5200450792286239
0.3709042966264806,0.3602169621016528,0.6298175292529702
0.2221321684127197,0.727177991813095,0.8751458283973301
0.5657386003879381,0.678455612964157,0.6214856380212497
0.501607413937317,0.5950711007950553,0.5504587857278092
0.2308872507499936,0.7103490374565453,0.64594871307521
0.3671878785419669,0.7203765205758814,0.8797744767060529
0.7449595315799924,0.6250177860290209,0.5346456331596109
0.3437371344001835,0.7022079970182034,0.4216331151950207
0.2869369232547339,0.6184828770015702,0.7984098142315466
0.4936716561665379,0.6080844630561804,0.8781847488956571
0.7913902724663606,0.5711668269291106,0.3704462349664733
0.3452331629069003,0.6516299837345848,0.4679118789291613
0.6032813284435272,0.2951630631758442,0.3993803928326957
0.6569717691972305,0.7285224555193572,0.5435589881075166
0.3425825263954398,0.7231061166471393,0.6152456852337889
0.6369298091671158,0.2175483698207355,0.8241784358743145
0.420669879631552,0.6954900503388577,0.7558033094171719
0.5793834983561478,0.2773219204840671,0.7346499972349018
0.5801178264565369,0.4010713125554852,0.546662462626758
0.5214648104448552,0.6461049537749648,0.8890132871593319
0.254173862032645,0.2964559376289849,0.6299010171787152
0.7011814973535428,0.6907802144714374,0.985373456610608
0.3924680389830415,0.6992805067746453,0.7438994968070157
0.3119111062399126,0.5044806402565019,0.3883853190951519
0.2244650849328584,0.2038315230301002,0.7733242934528037
0.5545357659129452,0.3722228799049477,0.5275728108021893
0.6065386171053695,0.5701561510254454,0.7804290376802682
0.2099526973567137,0.7887117068164542,0.348748803713684
0.5072558349795686,0.5790881162100011,0.4224170060231716
0.3358974651187628,0.3558821486384959,0.8990160812340504
0.58710367424567,0.5804034218597669,0.4590256899164604
0.3046198574029949,0.5239912278295134,0.8859287876700579
0.6145626428614797,0.6679072370906862,0.4954932619180873
0.4320412077803225,0.2641883832961751,0.7500173370410953
0.7620379932420409,0.656616741501217,0.7859054014568816
0.282512566487596,0.5247599472056662,0.658858327201537
0.4046398106301551,0.7777952023153969,0.5137174736877119
0.2680841127443535,0.4051232996232117,0.4488510634597673
0.7548161709671377,0.579573135880369,0.3232325481936983
0.7264036120285886,0.7592168633060106,0.5127624808685066
0.3547649766290934,0.2615058367944076,0.757213953371898
0.5959904276205075,0.7623370923418709,0.9568133729139379
0.6903333201207296,0.6127314333804881,0.9098431375841363
0.5331204869596775,0.2407022354631032,0.8362453435747117
0.5177903470136039,0.3805781401680898,0.851913140277309
0.3451113745402711,0.624903253187169,0.7654894324331967
0.2558616606835395,0.2404103608812631,0.482200800296202
0.7383294547719961,0.549302276105764,0.9350365214940808
0.7402508342979983,0.4075298341717741,0.7695126183340838
0.5798608743639608,0.5725493106604863,0.6923084416863079
0.4034178746292204,0.2274452202875077,0.3776926284494367
0.4095257447675966,0.7229220836914259,0.6129388806644978
0.6355734073221437,0.7840933815064381,0.6222507898413483
0.7382661559715464,0.781326713171415,0.905194526665869
0.7322518545590704,0.6497910990457549,0.6826537541314519
0.6679253275145745,0.2780517440783792,0.5662803842792867
0.5852189876925727,0.6549579175574136,0.9837602299574615
0.2504839789970293,0.2147521498752809,0.3775044153284209
0.2969772284567683,0.2132741309173984,0.5957838998183612
0.7391325131162476,0.3941661314897248,0.3294172726199837
0.563857435795754,0.4931859142427995,0.8179328845368512
0.2055182309699778,0.6622444506846761,0.9426535865394055
0.2608829257196193,0.6099772259639031,0.4960261306853426
0.5981010614648335,0.4675416238260491,0.9008391737593846
0.2030369503077312,0.3641759997689996,0.5045527613233284
0.2964848308504992,0.7982747000946269,0.9375391131507407
0.5292402736199517,0.4557087813415838,0.8277733325177488
0.615137118615616,0.4708322145978053,0.8634347437890071
0.5911767557015604,0.2981742927150015,0.3126045889203181
0.3345615856763359,0.6768857292499577,0.9739672499518182
0.6273075328085216,0.6162093354688933,0.8086696944492262
0.3423494524980801,0.3324617676732563,0.5133257667702933
0.3952398188955607,0.2494286273695056,0.8805762654011928
0.6478948430708146,0.608299581244828,0.4970648388904509
0.5897797394283288,0.5927067285686812,0.9109276876962895
0.7095340462965067,0.3639557161989256,0.3788062732883559
0.5945677353802061,0.7705181373502463,0.792580184222557
0.5409851620012831,0.2906347350685402,0.6784889336514373
0.2562048606968555,0.4594008806255612,0.3675741291368085
0.4206294818356602,0.7661695521005594,0.4693256797811873
0.3591214206090353,0.4518363901556735,0.3086828253941203
0.3463937860274502,0.5831155685984514,0.6281375758251541
0.7838063328514675,0.4385566387776766,0.5108856825320003
0.4358586348000563,0.364529121409202,0.7188502390084311
0.7352279331062681,0.790386588775897,0.5080664653960321
0.5786831755983578,0.4456004037890259,0.5099433780548892
0.6768867821249891,0.7364595222074808,0.8202352391121224
0.5015822558631153,0.3379727635346518,0.3336999851848474
0.5461423307758155,0.32786282241505,0.932026496634391
0.4955106162913184,0.2186804497307068,0.8965847120738271
0.3171457926788267,0.5910000952255311,0.7674632782584845
0.6334712691569033,0.4211158062342567,0.7152550990751689
0.3684634174645135,0.7186149499037824,0.9246117486977565
0.2145895798588723,0.4839259440149343,0.4297311256701001
0.5872833775443007,0.7809160567488331,0.35527841353358
0.3062664076442294,0.3113153094218727,0.4676571189366767
0.7642751506117487,0.7211739007733666,0.856204795090133
0.7723571462015526,0.665958111675045,0.3242691867085383
0.7489186341322691,0.6625531067864312,0.7079647845584427
0.4220952201532667,0.7068699368701328,0.9968062613339168
0.2092739699173205,0.6566143945657994,0.8989872656862776
0.7569911375526353,0.5757321929788493,0.6650119823305125
0.4569104889903887,0.2787469266094326,0.3445486365006496
0.7799928914262018,0.2195157076947511,0.8819614600699968
0.7781719862535519,0.7525087086894122,0.7192849557240473
0.7118056732804161,0.5699901887124429,0.3804530979416968
0.3766693352417514,0.6779223745857059,0.3657000993763493
0.4310586371611552,0.4889134109075301,0.9367387736056145
0.7106820029101142,0.2703849133774367,0.7684401840566548
0.3901532030937667,0.2751114753215303,0.8805007595217289
0.3016956480116555,0.6113391723373829,0.9152852301975871
0.5340807574750102,0.4581835369396777,0.7002406464338256
0.7616928644964687,0.3203148360202021,0.6622124462285288
0.6176178780049839,0.4949567280448622,0.6012991872246931
0.542036702053619,0.2385253622450805,0.5218626114537834
0.2583058962624611,0.5491828411486394,0.6042171726010982
0.5690043360195018,0.3613960426610586,0.8417157590111095
0.7940323100625581,0.678535460382313,0.7213464017105921
0.2840504091419144,0.3862171753541443,0.9247663029683921
0.5109977914182421,0.4731320894490808,0.6103660100654313
0.7264238431567733,0.2069723239448604,0.7249627051031278
0.6444611706525227,0.2434681326767353,0.741915287164392
0.6182094445971609,0.4354961338440109,0.7141880136144279
0.6214904503922656,0.4879633008302742,0.7918436411598614
0.4156946907318532,0.5600123288715824,0.4662034278623644
0.3761551065586961,0.374997547225582,0.6586546442820534
0.6856166932871082,0.6169891316759256,0.3729573619658433
0.6860680368075085,0.7160734383135228,0.5691579293513688
0.7202433911480624,0.6679105933360099,0.641366948034885
0.747944331533883,0.2237712952090143,0.7565569816818307
0.5068054393165627,0.4883041683546974,0.9653717368103425
0.5009097768123199,0.2629581070509049,0.720455746583849
0.6789771073800652,0.3452270095175165,0.8205157413235917
0.5899783584666591,0.7919975559602879,0.6543862416466419
0.6211801263546222,0.285497325740908,0.7438728219634319
0.6774756016616608,0.4993328920708137,0.3496525512936414
0.7340032050905398,0.5708934405908715,0.4780741065892928
0.4027970941109215,0.6214789823264624,0.5532971652435971
0.4253497715839665,0.5357892100921485,0.6307453485045595
0.2563891639045214,0.2058625084515102,0.3319541218516686
0.5469680845977045,0.3958767849463952,0.3980168682873224
0.2215653642780453,0.5106269860308269,0.493770015453914
0.4793588108794761,0.2527198994869,0.9800728836307353
0.525586780824546,0.4103761587255085,0.5319429049721355
0.3719247512769707,0.2199218652748199,0.6374287406784578
0.5544999563414066,0.2471470982930125,0.437268398916875
0.2183001499634297,0.4381539657209577,0.7275460497530377
0.2224089132495287,0.2796294524258363,0.496478250861182
0.6935603363957951,0.5405245089569349,0.4448948049068987
0.4161143848467578,0.6136789814823596,0.6616008399121853
0.2762363075911309,0.6803520194654498,0.3038540594122945
0.5133459560328827,0.3200901465468861,0.3053648228544577
0.6619961318591665,0.3004895493554419,0.4533481663713004
0.3294926164981059,0.2627407042006402,0.3257049537505748
0.5737342854914003,0.5818581497261821,0.375618027891484
0.2512084789962608,0.6238854358921408,0.5372024545371261
0.2310090327011646,0.2189516868953852,0.861809975705869
0.5188127789408888,0.7617273477462141,0.7004340503585105
0.524381072966064,0.2311827701908835,0.6588674081694914
0.582457940898924,0.5247778011806423,0.5054421762456851
0.635654800233597,0.6254363116705499,0.9522276036029713
0.7855112476775208,0.7225814742476515,0.5779105288660341
0.5097802089807173,0.6284521592794567,0.36096493675704
0.3937738837647476,0.6810368498418752,0.7319465612824609
0.6771117168612223,0.4036701155256837,0.379686875433621
0.3624993507572446,0.6888950682479074,0.5416561999611844
0.4633828524233817,0.2480689078308051,0.6551883571024661
0.2470738288053596,0.7368899936363167,0.911955767279623
0.2152104460492745,0.5285554256922418,0.645482606238083
0.7775890488067552,0.6903786619774963,0.791581136222165
0.7015880723073236,0.4713909707109801,0.9949717872993491
0.6175845236562189,0.586146617117915,0.3920423839285871
0.445371766648562,0.5158415965616681,0.4923120678636637
0.3039765920425075,0.6389537130531993,0.5762032529183525
0.2938622256026516,0.2489779892183538,0.595279724977182
0.3501457388987572,0.2362112503943383,0.587714752685882
0.5295359988236723,0.3482619404060879,0.9353277017895885
0.6287575536200375,0.295726808067913,0.7998228511267995
0.5961184260306388,0.723070139955321,0.7255336498634926
0.3679603381675657,0.3315283924148266,0.5165609025039475
0.7729191683979166,0.7855191534914789,0.8766532689549063
0.6427381500174612,0.4021374750626642,0.9685423580394923
0.5326124315068405,0.3092707494132196,0.8748387977851586
0.5670324477406115,0.6738191042854875,0.301095573634031
0.451760037456674,0.5952246653005258,0.7454809591283849
0.3486385937006945,0.4989174298718834,0.3357947670094705
0.413583607190757,0.5332181305625787,0.4803250542336053
0.6547076662786215,0.6315210669633584,0.3416672902434402
0.2086360931778535,0.3370728447987793,0.7226568170645714
0.2696435843041498,0.7978003496340453,0.7806129394448247
0.2276015852130517,0.7848758972880701,0.3801413466461336
0.2244372813913821,0.5901954118081623,0.5686872181314856
0.7132763504066044,0.3197254705574871,0.6193655562688793
0.6221947156280143,0.6081369454587748,0.5583371152326415
0.4845042974523951,0.2433190453875055,0.3847175003396351
0.2587004963906009,0.2183915013234836,0.5932634531312327
0.4949695250700994,0.3546097331067283,0.8258246334658927
0.4840830624683395,0.4775737740435899,0.3497053651732788
0.3039211219460091,0.7209635032450283,0.3561260098573324
0.4603109895427839,0.6363014418597849,0.5483399042851889
0.4391028406384241,0.6456239127199888,0.9592079981332475
0.56951005883133,0.4552960006688452,0.7680008527060398
0.5810561905205863,0.4075609955281778,0.7750689696707953
0.2271824058632267,0.4226232577907617,0.5533439935865054
0.4247675687758828,0.7925897382416347,0.7155625538459769
0.5755159494285419,0.2240655148474895,0.3070918288194204
0.5018817551480527,0.7202188976734691,0.7452672324866795
0.7138939047129935,0.5472052451434362,0.9393008633033657
0.595216178971367,0.4631692515137543,0.7288014278413735
0.2977606562488578,0.635154596249082,0.9115890154264414
0.2423412484402579,0.4920013648548218,0.8067811388262656
0.5854515669237894,0.7240539428489965,0.3843908914825832
0.2159067863249731,0.7404211184067553,0.9317173151000893
0.551465348764078,0.4530325561240733,0.3465106910490424
0.7641381448549747,0.366096678341031,0.6737772307834347
0.5452845067255274,0.5554101971560175,0.3994959866554204
0.4329019557239132,0.7474180073700147,0.3081946275116328
0.585972931065412,0.3263973134033999,0.5954239820893472
0.4749517342949101,0.5737799501380898,0.5065284953579093
0.527370073589561,0.5789361320555124,0.6402003456583221
0.7648788852659152,0.6398678134491687,0.7040399207141855
0.4316615826804646,0.2789406110763559,0.3306173506162631
0.7767143382943487,0.6294949788092532,0.3861023065866219
0.7432103851736382,0.7454195123993848,0.6910496775152977
0.3174746808735779,0.3078098653221452,0.5402171472208608
0.2416167805250993,0.3425259949543266,0.8104214412846136
0.260466800826456,0.7828370564249838,0.7566041540143578
0.2109330953909299,0.3085861716256939,0.8919230540929348
0.256665776453557,0.7126310560217475,0.7847449786684577
0.6098040640498141,0.4953667138688209,0.6009517541731036
0.2427131890761374,0.3483386446419062,0.7710766356761026
0.3913853781762568,0.722449940763507,0.492766821978793
0.7069251865816728,0.4671831530015993,0.5144194491447489
0.2139631614414955,0.5088904123578142,0.8522896119445553
0.6886810895533615,0.4155400216398595,0.6124936614811075
0.36911286486404,0.5557705108609565,0.8588662383628467
0.2708988965729938,0.2981143235510137,0.8756956615677949
0.6180422992184904,0.4346489219910565,0.9002936363628986
0.5773657080679304,0.7816473934011725,0.941644665088845
0.7264832081162318,0.3548800596206766,0.6016896543593073
0.6410426262823316,0.5940419987247754,0.5232067728247971
0.6820885582309093,0.395114038534817,0.7075391226158796
0.3692207435427839,0.6640838754119605,0.5598206964063392
0.3064637262678337,0.2785241964310099,0.720751916760163
0.6503688509845151,0.7818926270471269,0.7939101038506772
0.6841008435603585,0.4722737248301836,0.7818835129444958
0.794303085200404,0.3416302780078784,0.5621870209140849
0.447570606146856,0.2440980483980076,0.416802141189127
0.4232108514756699,0.3018547430525245,0.6013705369235453
0.6658477764451982,0.5118643691336107,0.3998159008573361
0.4044821241518107,0.4022019058587718,0.9230679246286657
0.758454395362139,0.6973300195295657,0.5421142225165001
0.7150476511058073,0.4585325141970836,0.4081218230563266
0.4573964164250111,0.349228563552578,0.3178134319340256
0.6505226406748985,0.570286991962418,0.7520756704005389
0.6527257244508096,0.6240663301312676,0.7458316222183202
0.2618743213015596,0.3002251447405699,0.5384229166069041
0.74153174400774,0.3005715297729906,0.3501983221933557
0.5031514234687143,0.2220028561601258,0.5867402264266623
0.695874479664645,0.6418412090393844,0.5178522465443754
0.3920297606183671,0.5982827165730831,0.7739844478145065
0.7373139370977204,0.4847785254498884,0.7240454746168832
0.4335210072404979,0.7065022693815184,0.555215609738278
0.206502590888179,0.683402091770032,0.452524787978493
0.7432291858515583,0.5512126186380514,0.9916251763089143
0.2547720060716802,0.7209627683079554,0.6178011348372804
0.391588182554249,0.323504726022061,0.7817919650461659
0.7700371802304831,0.2671517716386367,0.3983870773048525
0.7703642881625337,0.3618497669101938,0.6399127897615784
0.5440627328739718,0.2342521136535889,0.3192757039086258
0.5791023273018796,0.5187017168006193,0.653818582537315
0.4690673131869919,0.761963415376977,0.9748121849823916
0.3759264630188388,0.2236061244011058,0.5689446990900602
0.3971987272219496,0.2732659484060161,0.3272972088024381
0.6035110736462231,0.4713194169700612,0.3216690536435405
0.651424717662608,0.760325010516743,0.5715907319628086
0.6749474262355092,0.3896936629860503,0.4120174555242358
0.6737708856767324,0.5043408852130356,0.3163464674297301
0.2547236618292142,0.2249437154302353,0.8293495297651237
0.4966521828215489,0.2890059205772533,0.6209661062173235
0.2345352560099866,0.7919780737753082,0.5024713403808582
0.5297173293942414,0.7790712178616275,0.9300582281115364
0.4649183008240262,0.2029639885606458,0.3812972721403679
0.7326225096549799,0.7710870712539435,0.9691431802687234
0.4105490075312472,0.5834719626893003,0.519776702164147
0.2702402098565636,0.7207509767120133,0.9218825706160767
0.2857950092317015,0.4728439133803155,0.722060013535623
0.6569063790304834,0.5093576171475502,0.8786951518190411
0.5709308379897566,0.4933079481541522,0.988809214247325
0.2606736056736741,0.6001185545276626,0.5018838064731219
0.2504640836689985,0.2837907528537877,0.972794839785315
0.620581478875472,0.2179841539236068,0.5726373264316942
0.2436578038185161,0.3847579649547146,0.5698583333158456
0.6931160355742139,0.6228084576419881,0.538270972978154
0.6237453362938978,0.3211120712737691,0.6789853251433096
0.2488092683851399,0.6040594599949505,0.407901530224941
0.2509026284511152,0.7819472276643624,0.6875980397506078
0.7919837471007054,0.256340429473651,0.6791933686870028
0.4245624774536723,0.6035612709350758,0.8333312688234089
0.4223852882401346,0.4662501315827428,0.88355497335631
0.6876797403545016,0.7208853526265033,0.6083089452186967
0.7683491464303154,0.3062898736684316,0.5116332745460456
0.7916006382937226,0.6155755713356987,0.4815344281219661
0.652026911155365,0.7028691737888662,0.4362366856934103
0.4257557513185495,0.766768531684414,0.3403533075393174
0.2501004300192013,0.6099488169737876,0.5397135851842993
0.6662881495564621,0.4983048584050565,0.4891733844915482
0.535042549841483,0.5707083441207284,0.976492170106485
0.4545332055481858,0.7213429906872311,0.6903961783750308
0.7438126310568416,0.5423658479832979,0.5430939273213553
0.2667184893836908,0.2182322358181021,0.7063273206955871
0.4955750625745156,0.7585692173041867,0.3974376909419868
0.2068121868604514,0.6137160506189367,0.610830624441542
0.4811963851964758,0.605908031466348,0.7383640249947446
0.2337819654091024,0.3294050914386303,0.642228482254716
0.2712907497608432,0.5953312821395944,0.5812451604580269
0.2705157480662629,0.4363186433924952,0.9956938722297888
0.5895261812696382,0.5907397862248953,0.9162203335042489
0.6476269275592541,0.2639558181847945,0.7363841707116081
0.5500212590582958,0.5947071827618217,0.6985641528275979
0.7773035290847252,0.7996482354623999,0.7344623358772089
0.4249223477142225,0.2289272233163336,0.4409184754757033
0.3714272517691165,0.7863045105327904,0.576596420285023
0.7211594769136762,0.4441447764337224,0.3276216730236295
0.3341575031116716,0.7224520702023556,0.6328822262407786
0.777933523664367,0.6694312904349642,0.6801172087703642
0.2072926848138898,0.5402097565920008,0.4594248152722467
0.7819272960245836,0.643069525550796,0.9748201930158595
0.2258959471703457,0.7271093367808088,0.9366182276560693
0.7346858682188429,0.4424841929906198,0.8055002648191341
0.51662066545178,0.3962198969379432,0.6733706401357538
0.7957788776715804,0.6005560313381508,0.9089784117533795
0.2442779388412393,0.6847075651647552,0.3914566406764241
0.5323125706407925,0.6573710808659695,0.8533568559924194
0.7815815213714594,0.6786881893151808,0.3873745697767938
0.5138587065020894,0.4613499888877599,0.8559474637845836
0.5776391828811576,0.690700529705013,0.4930372977759498
0.6174492133907703,0.2721254332223651,0.9139634067127322
0.472724638860664,0.5266934587765097,0.9608294656777785
0.5765348480504382,0.203455196298873,0.4041571785835809
0.5505885871538603,0.3947514979401622,0.6238729235457754
0.7406948062945935,0.4198769209228388,0.9866911647138796
0.2272678282048747,0.4377036149655533,0.6383852051812027
0.3685779137553382,0.6172803240139173,0.9044832657601816
0.7702468904459354,0.4331348607622075,0.7121120654919239
0.73415827033455,0.4692161735735185,0.5627309355437213
0.4733940516714278,0.3425264785245965,0.5000484888681092
0.5720795586809221,0.4239510749776041,0.4422561637602611
0.3664287097886796,0.3363617763578909,0.833258733964388
0.3128726958342568,0.2439175542610662,0.5705783547761194
0.4782190429639894,0.5620691560288268,0.6578928235405257
0.4120113368156317,0.6009276791330098,0.6446278360008273
0.5501936671105233,0.5716942076057687,0.7040953204631919
0.2466407821789909,0.4780964262803435,0.9059040019371865
0.7846368845997,0.427871468107538,0.9865175405084006
0.7917264466877618,0.7180001897430952,0.5853089460016718
0.6188970284118471,0.5114490710817309,0.879263245474412
0.5216578198064723,0.4875091265778386,0.8351694562583023
0.3857165697717967,0.2153852394838614,0.7014702660189012
0.6882770118241692,0.4047486965756938,0.9692330005283532
0.6108387035323276,0.4281173712715143,0.4403321608698819
0.2975701636069348,0.4392936685381403,0.376484947216735
0.7465563106963056,0.5481034215363995,0.8977733768687954
0.6935223457539015,0.5201615280361271,0.6074048716436238
0.7698799479751546,0.5647430556760669,0.8928781979449423
0.635431705033016,0.6589299569252771,0.9251631436367904
0.5680491175614739,0.6877914432296561,0.34372031553335
0.4509458217743714,0.6308738457358967,0.9184253340902424
0.7596370900124081,0.7733142175729608,0.6138233387585955
0.719638333700245,0.210939549605817,0.6573027423029625
0.2271312020637136,0.3174667914101277,0.7386147577652471
0.2158201846983512,0.2045377249868853,0.9484678247110607
0.4258780201268298,0.5884848284927618,0.3133812661008348
0.6863319984690999,0.7388183293699921,0.633790427822472
0.7923656775889667,0.3460893779457796,0.7814054297013924
0.2902501346621169,0.7562207268777841,0.8058948703887598
0.5564784292112812,0.2361604341737365,0.7847727020759756
0.428534513978613,0.7606616160833086,0.3941045905856853
0.781948638688762,0.4109736123437807,0.5095769118601768
0.7052713538814253,0.26085249706953,0.5511008677919094
0.7029972228266828,0.4915230555117954,0.8631060453756534
0.4812158958769822,0.3540659406323048,0.4951319106901871
0.4488917014025992,0.3709237411771538,0.4474934747070422
0.3640442431584238,0.384373978955772,0.9702136133266672
0.2338252979905563,0.6818155386995981,0.3062042995794282
0.718833425753032,0.5234967660051528,0.9984745989773847
0.6877406054780466,0.3867846194936022,0.7737749092001769
0.7998306039716785,0.5662002699865512,0.8799285096143818
0.7979821022443434,0.6296904045339162,0.5062335774423352
0.5332590233615766,0.3635744004401203,0.310020694366942
0.6613924491083063,0.448129460915211,0.8165086629930709
0.7668594379294569,0.2731316560021685,0.883901217900473
0.7097884344064469,0.3086896097208082,0.8183332923674633
0.3484088610459186,0.6086707123789897,0.399995201110587
0.4703264811860562,0.3088630086173762,0.8273995455798784
0.277495649090897,0.5150980302002361,0.8382459474753485
0.7724306163552335,0.6254277570334597,0.7609783609690384
0.5637047806705281,0.2641261538568463,0.8362811529569103
0.3371856833020777,0.5403873317773422,0.8921450077744124
0.6030204106435141,0.3539376702208183,0.7295228799662208
0.5708769442747376,0.777756125142548,0.3620232997787753
0.4148976308197043,0.4901273880319549,0.6413394667670476
0.2681345553197774,0.6835955298650949,0.3543545342701235
0.6029439173556799,0.5301359252937572,0.5852801217227015
0.512184620542276,0.2260475197128915,0.5849745423879393
0.6633910350413836,0.5798908253564135,0.3462068908981691
0.5120981006671961,0.7708420053239944,0.5441743737786355
0.7113089001911241,0.5609670920877987,0.3776986691539204
0.5311441032646913,0.6915133156560742,0.8657646470064555
0.5365627829212318,0.7305238780090448,0.9633816181751296
0.7259921615950071,0.3368478631693596,0.350621532680557
0.4420897197274383,0.327226903944936,0.968580645104191
0.2804091370703845,0.5665885933105951,0.6658036195357215
0.2172696057880034,0.4466170818840229,0.5096959745677117
0.6530823534041714,0.7039167817200322,0.3538034526933144
0.5721857308120788,0.7400138740388067,0.6504369876492924
0.6224478608595343,0.4120528275816309,0.856160881143524
0.3277784969053464,0.3421223353846893,0.7949605340866887
0.2818228853520619,0.6683153091463172,0.3351582080247816
0.2087267994007292,0.3648836213288817,0.3510312847575324
0.4103525352839582,0.6935685911082071,0.582011297842846
0.55395061211278,0.4542429521892578,0.5067033458335602
0.4353464270598394,0.6005299395748823,0.4626690261392334
0.4624849532142375,0.2573211883008009,0.4967031492360995
0.7424952166962491,0.5743155948059439,0.8624379203078192
0.4089532802139803,0.4710606072423375,0.9504596375422978
0.5083936934958866,0.5519650779052845,0.5835718861692964
0.670191807644686,0.3008085246469181,0.9342777014927479
0.4379256693927621,0.6421242469665094,0.5250469908735174
0.5732520201367242,0.7176782465259373,0.6335058904406541
0.7174182252480472,0.3300438800544654,0.4582202984711998
0.7697123741945853,0.257428733312097,0.7483332295230907
0.2882440885574228,0.2141831516278019,0.9852867806223662
0.7559525750968967,0.5851829002659596,0.722445167230365
0.495269775847723,0.5642564216532685,0.5504698588794842
0.354946632979375,0.5280184476284421,0.7534722121933698
0.4754814537429569,0.3391682576695852,0.3860444749257713
0.7880195451712864,0.4345435975433088,0.9220613561857789
0.4955708563957218,0.556685801111704,0.6521587655458854
0.397250966172505,0.4980601153155017,0.6145448194277494
0.5800405125900355,0.7926713121289324,0.7101053519174634
0.3440873712669159,0.2818638515340399,0.7373487039525817
0.2455179968651984,0.6170867324285563,0.3502430643585591
0.2773278331463895,0.4425912608625753,0.7778320548563816
0.2768275033746635,0.4569197689553689,0.4693521762208707
0.2911416161073767,0.6305586593949057,0.7997668427546127
0.2832963035896461,0.6154616907946219,0.8757743560689377
0.5845248468819289,0.794753596221313,0.8627709552867642
0.3091280506394869,0.2770365736724751,0.6867506771855223
0.4074003699943179,0.2624657896304998,0.6641189246175259
0.7380730459436071,0.6346032902772447,0.4000131729375882
0.4843769841577235,0.5470321502038455,0.842742305282195
0.6005346431126164,0.3644963999358836,0.4899865663127
0.3033919227209779,0.247651621393392,0.6476867959725625
0.3153734112852025,0.2513949497578584,0.4989918650492617
0.2245211697598873,0.736514524798471,0.3936798540997852
0.3013610378432988,0.3151203948312458,0.7406903878242155
0.3671542034191752,0.3940229372693125,0.3380324243760326
0.3062062905660481,0.3359938413361928,0.82405166388834
0.2532215202542334,0.4129977834991624,0.5223107566827816
0.2723815226603605,0.2416543056476561,0.3000942851031397
0.4764672608196355,0.5114358745449623,0.6577903974660608
0.3238002310434756,0.2405675381553289,0.3327963359693222
0.4185619166288453,0.680213904693417,0.4933186904746296
0.5020503625129142,0.3402272491462598,0.7948835412190013
0.6142368971776193,0.5240071487627065,0.3438827351353061
0.2235872839046594,0.728047452536875,0.8875369446492016
0.6796462393454257,0.5905264214283166,0.3026739458610082
0.5767402336945447,0.5197746719308012,0.4727767084413316
0.2490554191693232,0.3946002518692254,0.8186328393064499
0.7241471744640664,0.3998011478349188,0.5213891048105147
0.7525234403190879,0.6016921731189142,0.3713246716462095
0.2366467759129183,0.7964836167327005,0.5521637431602995
0.3661265888883223,0.5971035139096272,0.4892753004691678
0.6837207678758368,0.534670050422015,0.8898983315123883
0.6489558142301951,0.6383903061435477,0.5193435423096002
0.3107126116138264,0.4791233673702309,0.852252730243205
0.3256095940020262,0.2360854055604711,0.9243105013675144
0.4222832616748292,0.5373780895267459,0.6036721937035706
0.4907137911146128,0.7745751707032282,0.9369602006980744
0.5709528629181777,0.3051817654145958,0.564122637774235
0.4213481837418635,0.6140029344923995,0.9748548915430757
0.4775208296798888,0.3205602131954339,0.362502667167901
0.648482562880254,0.5214966106838488,0.7809134865522699
0.2220099217343587,0.2580058697880318,0.6456698283198501
0.3514621666064125,0.4702225617549111,0.571354163818953
0.6280097515307315,0.6536979973371477,0.7428983151240206
0.7371241026123196,0.4085429145433893,0.7926999641440318
0.5070064652693997,0.5989470346923309,0.3030542887552163
0.5192680911591894,0.6772699764738376,0.4168671621230391
0.2643032068038657,0.7563066916876717,0.7991322354440231
0.4684474200940729,0.3407852491132721,0.7664697895047445
0.5195703598730139,0.4395895494855849,0.976233253590074
0.3454823021808379,0.2914496079982505,0.832726453175548
0.3615459385696286,0.7954901012950253,0.9655408954119367
0.4263704978627736,0.7562005807545773,0.7917783510743648
0.2120427186666358,0.5239742781683359,0.5086365460476102
0.393247499349907,0.7052199766258529,0.3737554455755995
0.3268688041979269,0.5125747863632253,0.8472767043414549
0.3964984113067488,0.5741514128016558,0.7509044550331411
0.2718572790915508,0.25347465926961,0.3337302086753073
0.7343163684439371,0.6531622522980849,0.5520353261306847
0.5561554721324293,0.2766280901811409,0.9697598708390003
0.6074613914866938,0.6956405781515171,0.6502808019971409
0.6735027431644031,0.6692168526022316,0.6029103952137932
0.4990653193574344,0.625246818645786,0.6203897236115057
0.2521521728524542,0.2216962283148573,0.4462179068036146
0.5222639250911287,0.3818770135671972,0.5580950196053567
0.5521046708125276,0.3578675419465057,0.5588692791910237
0.6472636845105981,0.4160818444829115,0.3366485141312306
0.4589957277378077,0.2525856480583031,0.8372973399625427
0.2765481816773383,0.7621746938186378,0.5915531023327152
0.3702655434792347,0.5322813444274258,0.8755259207714963
0.4178493778391811,0.3833145863948142,0.8952436007839266
0.5875503447989607,0.4381889102445701,0.4483958382890606
0.5424669828013472,0.4683215243029015,0.76014743751909
0.4136580355387078,0.5603566000163704,0.6305972629140872
0.7919091492757879,0.5094076566178987,0.9161097165450396
0.5634648916141324,0.7516351839286506,0.4510184754235179
0.3423360750415967,0.4981780897434982,0.7744692402170309
0.2610694835722422,0.7952948088939877,0.7254264855769057
0.2917154835105992,0.7108549746470576,0.506711034300283
0.3475746370307049,0.3251063086144015,0.3956206325558208
0.2964088239557334,0.7583571287863498,0.7561478323340936
0.3119402144307835,0.2698198387312857,0.8170182206926315
0.3710571012163083,0.690469825094715,0.520939140634345
0.3040241571768529,0.4283739760859481,0.7513828228156196
0.7380592547758551,0.7267845922670417,0.5765916353280522
0.2481402473969853,0.7208340140644702,0.7992448182978323
0.5147068337421529,0.6835552400705728,0.4394506924258371
0.446238096193797,0.674018261784237,0.9231505018453221
0.7894271701451638,0.3828074834588245,0.5011867175259058
0.2672233413008314,0.2485515698307513,0.5574501914293071
0.438713359427445,0.4417881072590969,0.3406643664562448
0.7816822599652213,0.3041147089919052,0.3780585486248935
0.7193042755363883,0.6169706533414772,0.6611033318986297
0.690243242569568,0.4076598359226714,0.48731487370958
0.3547416962269639,0.785366120515949,0.8848361580195361
0.3025325524340395,0.5845832464071993,0.3102853720584677
0.6011859319546586,0.6934883381806167,0.5653658340703553
0.7576255934765517,0.2795148036451091,0.5361418827383648
0.5340577358083579,0.7172086893635736,0.3135293416423207
0.5429676136819399,0.7536543143080368,0.3870578793003571
0.3679874561961706,0.4922371512913616,0.5895498724430446
0.6616957599151623,0.5637517626505866,0.6450052091132126
0.312226249134514,0.6588858805417974,0.5830028230784083
0.3942075418425462,0.3049031763562475,0.6716563748884656
0.4552618631698501,0.5015396458780654,0.716592172433977
0.504566227210673,0.4391978166633879,0.306946674789485
0.3454458394490482,0.2878243952973495,0.6248666116174526
0.2689020948435221,0.4205206533749189,0.9744494686213119
0.5663720254649796,0.2409033856312962,0.6633225960906841
0.3731783319441535,0.2154871441696922,0.7742795872212671
0.5487429328535675,0.2810997734928937,0.5183047005418182
0.2926176291645214,0.7778690669535044,0.8417939647069337
0.4886840611128905,0.5297177215370102,0.8410450373132805
0.5195536595309516,0.7794932966919321,0.6649072333578973
0.2310941220934562,0.4594987269980793,0.9832096762954494
0.4019625669163523,0.3870896798511558,0.3878851503338573
0.2806488061633846,0.5036851177041466,0.3118633654227067
0.2380249822836606,0.4637070131797461,0.8391107482299671
0.7939761394339673,0.2633988105570464,0.8650088761554178
0.3934123069848338,0.5844957888141238,0.3841450603844033
0.685924667512781,0.3296229095057598,0.4859079830710242
0.3527843928582584,0.5717527729386978,0.3122866543566402
0.6089016333343577,0.590120655438892,0.5053160275463953
0.6561367159338121,0.2912149118771889,0.84119931174307
0.5573832443647067,0.2368097762664009,0.6625723693988053
0.4829457131300951,0.6684569516410639,0.5436669152178016
0.4471045484883612,0.4758802542615921,0.5602175064344312
0.4093209599257972,0.2348982773032855,0.3009475380008277
0.7577174865486955,0.7969197903018603,0.5098603692956651
0.6983716446726376,0.23466833659782,0.7525211191465513
0.7790161463999077,0.617021137315132,0.9819361106714499
0.2745783340913269,0.7902073551580482,0.8929425788887295
0.6385204851221866,0.3435080625295554,0.3165164752518704
0.7630042740926228,0.2853496212123177,0.9289924232723874
0.3087398396993961,0.2728309636534574,0.848238889309038
0.2398977604200665,0.3819650885405573,0.8462632864996862
0.6446723895740355,0.260627486606388,0.6205970313025
0.5446838679079472,0.6152968050164792,0.578603705068152
0.7050972660549633,0.2373750788780376,0.5120410101832348
0.2838634259757737,0.5056532768898738,0.345986401268056
0.6771603871159342,0.7980181123117862,0.4597647544455893
0.3209763920286468,0.6883821617036114,0.4726225444846172
0.2981935657194227,0.5691316629386066,0.6388539487971411
0.2985594787585958,0.383752172471967,0.8232110846176857
0.6887448321388294,0.5743375017749832,0.6316668798785625
0.5991183324177202,0.516224878346991,0.3404911146130124
0.5138392548614716,0.4556500303342229,0.9704528606917426
0.4152982904741016,0.2784262260441197,0.9599070233658786
0.7263203244878651,0.7319625291442802,0.8496326802038858
0.4354670644535813,0.4698707892927936,0.9939295310949543
0.6899596636829464,0.3167735070924591,0.681137632960184
0.4634809451421311,0.4206556105263738,0.9739378451772442
0.4261666576549446,0.4484778515173563,0.3529235284317255
0.4776078714017639,0.6965227373401246,0.5559765237829599
0.3808267244984853,0.6401686283368413,0.4577668876047361
0.6485656281057508,0.661582936184804,0.437083158893989
0.5016322340554875,0.2066187586571883,0.3985620642248732
0.3393276170880904,0.4496923989078569,0.7356895490961977
0.7397447439647411,0.4888064909811942,0.8469252990231135
0.4303347328239269,0.211515366093834,0.7048088795942524
0.5261317166683932,0.3558879252470206,0.4028738967117468
0.7438832665787283,0.6561738938732811,0.8677866389534297
0.5745427975483953,0.2822658234373995,0.7451682950146099
0.2701388244250185,0.521186078871555,0.5717159942888969
0.7638992741680852,0.3291211232103425,0.771891206875244
0.5766248318428508,0.207272464786336,0.4819334854699829
0.4009433687942517,0.3447208745597249,0.5416345459459473
0.2835632435980324,0.7855242529460325,0.9422400901923931
0.6764151135621777,0.6809222671297939,0.5033531539699942
0.5720436535571082,0.7757459865926202,0.6289917877105555
0.5200766551857929,0.4927124263558175,0.9230987961772101
0.7363355498305746,0.2658417192065021,0.7954049451872691
0.6731583267347185,0.5287756933842158,0.3435422583152919
0.2910049278396507,0.4726264007359766,0.4031121309952792
0.387033240677329,0.7066142496437697,0.3054891135403418
0.3490934838886794,0.2588495484705468,0.7416452531604143
0.6463677755436062,0.492944682213067,0.6133713977872928
0.2201194608414676,0.2900291988163906,0.3939923956315928
0.54193381092279,0.394805556134036,0.9705538847397392
0.6574752114444145,0.6424142464326799,0.6707618067619339
0.7260593820570498,0.48561087762126,0.4693253058790224
0.4052490492295445,0.4255329710874616,0.6504224998082953
0.6927543828032078,0.4366857671420212,0.7757342329145754
0.2663790421731244,0.475668061043592,0.3533674525814951
0.7078713750407111,0.6710099263022342,0.4922926705335244
0.2764931973991895,0.7352508133641407,0.8648758436187955
0.4383723743362204,0.773200811902357,0.6217654092818629
0.6783772194677322,0.6721420317531772,0.6826039994226064
0.2899504564092643,0.3892441374488077,0.6029712015466284
0.3375508371395849,0.6128808236519254,0.3307299598501036
0.6333515410358399,0.4625618744332352,0.4160248458741092
0.6320219219276446,0.3528023732276308,0.6118791471193237
0.5846885797311785,0.7045229476555537,0.4464298257855495
0.6163690666802601,0.223055809377395,0.3349853200617751
0.5256346660085578,0.7410571952812541,0.8905547648362766
0.3510794353441717,0.4768864787748405,0.986834770414881
0.4074175961023517,0.5823208860849683,0.8552000117977177
0.3089586300808554,0.5956123533234696,0.8976494451932668
0.7450703368001772,0.7370706444239219,0.4693839912219318
0.5500350768596723,0.5820018093003245,0.9724388828592399
0.440510850058184,0.5683601508560372,0.4378479931173999
0.4772034821864797,0.239991224336414,0.9660008672532825
0.7683700037670893,0.5110448131671226,0.9963735057761656
0.2920108418696482,0.290101400490225,0.7982059640222341
0.5517378992100784,0.6424602612328913,0.9868006122542752
0.5035332073306796,0.5073331524876048,0.6986778456969726
0.5668725412607888,0.608136667525012,0.4816792482232632
0.2108661102925043,0.2250037403614306,0.6058971199659346
0.7232743453664909,0.2508752096274819,0.7154926547651501
0.7592709694901676,0.6297940328376095,0.3511570934189105
0.5390799101535254,0.243250601599204,0.7356402852320723
0.6179904943261354,0.2427540366591552,0.9868244857336061
0.7534996287063775,0.2072650851409325,0.4330753548486093
0.6243431805880393,0.7739008389796882,0.8548165814018682
0.2915234257485568,0.6425050156754042,0.9355291556457335
0.545773016100088,0.4119508451012385,0.9605911149741546
0.5640290278297135,0.3779213487725932,0.972094923083813
0.4544784027814316,0.4098219378475098,0.6650217471050304
0.6418665413748338,0.6647921187087091,0.9841155355940525
0.7606202088614089,0.5968223666422487,0.8301171449941072
0.7553411077440659,0.3111173407204808,0.4131700053658733
0.4705036228424793,0.3044656012004506,0.6338300745275789
0.2679428275044532,0.2590373898280384,0.8028318227604028
0.7909047193774008,0.596181631820803,0.4731382210733583
0.7033388518675605,0.6586235973330417,0.748430628484221
0.2747976087219601,0.3590278569950024,0.7666203353326334
0.7525051295704235,0.2125669766185477,0.4138898206659961
0.721937817237277,0.2493030004858564,0.6955597187169293
0.5113028342756434,0.7807160209070183,0.8401388376850254
0.5547652614469576,0.3772668664864522,0.6492269651751593
0.4394016223220782,0.6615338887028803,0.3084721817432752
0.2328569832932188,0.5747981413125584,0.3063269283555045
0.4011183449875406,0.4291637837917376,0.5499205407790085
0.681712069158807,0.3234123573173331,0.9483358479022472
0.2027792138027617,0.2728318508956439,0.4600737457225261
0.4000995030146866,0.56900778082332,0.744054582210181
0.438901216154566,0.6647802683826729,0.4554531094853244
0.5224373617627538,0.5863425521246785,0.525168992761684
0.7519133698476563,0.518181279949495,0.8936294627210388
0.4078075966195768,0.2251707340589818,0.8102030095889627
0.4081719211377366,0.7810932665566304,0.3667794941192474
0.6425007488658492,0.6792285149927448,0.6000914146905034
0.4713307645338843,0.3756932220205789,0.3204188345516851
0.3347628937639892,0.7879821976153105,0.6366231026221063
0.4714637096796161,0.5611289537817934,0.7637038081907477
0.2845142122278799,0.549453594924348,0.3829518365187061
0.305832191903734,0.6488439076577193,0.5022194572364159
0.4990206636436879,0.6870618728540826,0.5784856378515097
0.4513552697027288,0.5938871643989017,0.9436717172592348
0.7489075406408601,0.27685744781972,0.9952785107960747
0.4174363394699799,0.4029605035966991,0.3314379092969311
0.5483530101668261,0.7568501841956299,0.8327055464467743
0.5793585727517183,0.3347693671063112,0.5602068464816403
0.2078566739530002,0.423300214302508,0.574720730360636
0.5981224232100264,0.4592461297665176,0.8279854813429159
0.3068215801218509,0.4636429938166713,0.942898502501786
0.7766421904816732,0.5677637494967154,0.9656500161517838
0.2891976366518678,0.7658455026468247,0.7039858102268245
0.4487744742362143,0.344415627099503,0.549984811510352
0.2512098008471864,0.2729008257805509,0.8512843601011455
0.7981245511075685,0.3184822939159624,0.4757009682836102
0.5013170061987455,0.7321549401255618,0.6948518201834624
0.5572310103920264,0.5874864875931236,0.5510049230674112
0.2402458864330565,0.3715440735434961,0.7596417515955132
0.6499762822395068,0.6895681633811704,0.4682792390254548
0.3259433558573515,0.7168219978180617,0.434115062014378
0.7388325736644283,0.7079086032141668,0.942767360672806
0.3230837842892043,0.7513559201837328,0.3712625780646758
0.3144126323981999,0.351344612104017,0.6541705354144521
0.2219298007088569,0.653025157247767,0.4545969480741062
0.4832401670659996,0.4763236983644841,0.3272509743279672
0.5389046799575699,0.7051991317340369,0.3252131728039985
0.2394251836570114,0.637094406296968,0.4226552404740791
0.6653165700170065,0.6658684678998348,0.9067392481542
0.4719733008488166,0.593697102608643,0.4977351207839186
0.5146341615965481,0.3064572616818241,0.9653214194027069
0.4644576481629369,0.527016151338163,0.7071356050924354
0.4404578365251957,0.7908018437147051,0.6056299328381363
0.5357841987849308,0.7624328398982714,0.7060621842686181
0.2931441475584275,0.225904241478207,0.6616888696583874
0.3091568782971627,0.2988888894376623,0.8311433776301276
0.7170713726081104,0.2790372640727372,0.4977472461809965
0.7676692772801796,0.6355879459911773,0.5471352741202117
0.4239855897678518,0.6906711979141671,0.9258660117732755
0.3624468038861323,0.3281068197864032,0.9625195592052838
0.5863997259434095,0.5035116157710975,0.924790759240532
0.4452405026588579,0.70442181680672,0.5936135957701194
0.2152318133962069,0.6396809268597504,0.8462558521048171
0.2936915584197142,0.5253423232951091,0.6334350133107691
0.6295833373084385,0.5542086142752638,0.6482778965022715
0.5953543651460909,0.505016328149768,0.4432760763400987
0.2162575955020901,0.3785290707912924,0.7137912122809615
0.3331832971597697,0.5390131957154097,0.4302951284273435
0.3386448779528429,0.6133311812300545,0.5320952893470356
0.6031356461592371,0.7239937495164848,0.8985211411339546
0.2118263226526185,0.5817748123875489,0.4449530664475986
0.2624651491907443,0.6566729222258949,0.3498107996214029
0.6799496512239137,0.2960429809727438,0.3483053148289714
0.3071267972326002,0.476934484651874,0.9585491643521755
0.5916476647111248,0.205598971896256,0.6548443065732842
0.342909668628036,0.3480073187129739,0.5865884502719128
0.2596648356556071,0.635877029067803,0.8676150067055428
0.3459033145996725,0.7950859708096181,0.8850781495373612
0.6333601591133955,0.2595068597523296,0.5325337231809232
0.7134178808637714,0.440896589516773,0.7855326402316567
0.6981319187401951,0.6800425812194958,0.8397859710963205
0.4383101177710729,0.3224213807773393,0.7582554808061681
0.6008510819423878,0.5330509695813719,0.4061165523600695
0.3229905772494926,0.639842777617805,0.9131181584619399
0.375888638156608,0.5695912701561074,0.6773661869152061
0.737801491112672,0.3128148407692497,0.4977306984590025
0.2078011541064416,0.4132307412114437,0.5976597298063857
0.2513051185126809,0.6702750706912384,0.3262997632792352
0.3247317530876164,0.5325359084792101,0.3895067608556922
0.2159193223242918,0.2031377681257477,0.8358827253611025
0.3088612610538784,0.6565944560168564,0.3000081443287563
0.5498249365818153,0.2211868129641434,0.5915960799376045
0.4528547303554988,0.6474402696387394,0.6657571267599118
0.735603026646185,0.3214883360991425,0.3382440940006806
0.6904661370430647,0.7748440880716283,0.9811547140806329
0.4050904110187256,0.4207644507812507,0.4582877318747703
0.3556540600587755,0.3961589698028475,0.5129391037453965
0.4278154449003602,0.2893328301994668,0.5127597585785191
0.5541769655088847,0.383362529294129,0.4612916634821449
0.3608381844937258,0.7259904570969204,0.301031675460418
0.5744893447094805,0.7978006025763484,0.8105413558615975
0.4456469913147443,0.420985718304109,0.9767918498594996
0.5312283085111882,0.4691663785727256,0.4570054382995316
0.4616759174811901,0.6332425629216423,0.7641330342623956
0.3766794557251506,0.7317174682790448,0.8193274288711005
0.7690719841772942,0.5558266005120706,0.8938977653633673
0.6581634764958566,0.4349154189066977,0.5958404379095263
0.2840679054598715,0.4475731045091743,0.5120516339483004
0.7210807855387478,0.6173708878980841,0.5277065938161217
0.4924587189497082,0.2019309581625672,0.7988349331689589
0.7367313361364549,0.5717536024759045,0.8717456265539452
0.6799131535683892,0.4132958062648145,0.4271297774296219
0.4551281026815401,0.6765183987662506,0.5596587057104356
0.2134815849920705,0.2557943838938793,0.9313581377244049
0.3612064156309677,0.5529213601690344,0.8646854637863175
0.5249805287965201,0.4885837339316743,0.989400881933733
0.5800869318956885,0.5853953155431365,0.8279737817774564
0.3547326112599214,0.238912156689781,0.5752366407195455
0.2836136444436945,0.5479902724568788,0.7134464837962464
0.7009581420795796,0.5368907527757143,0.7627099779731241
0.7906413084221313,0.5363960566497026,0.3549190714219868
0.5154141093816116,0.562092599957873,0.6811478713727055
0.3030075715089821,0.6058807623358173,0.7965245799308267
0.3633843959116214,0.6829933998084619,0.4171249128007423
0.2110344059284801,0.3618924320769287,0.8464422021978899
0.7485792839362995,0.6950296461080373,0.7086409463598782
0.2706506497340847,0.4989534093580723,0.9665552499883161
0.5459098853085522,0.2462349674805987,0.3296956087448242
0.3644331324123237,0.2351305575463875,0.4857282962888269
0.532506801509476,0.4005429912176365,0.7210877155098768
0.5908522330111186,0.6709381862668806,0.5075919385441514
0.6978450822243211,0.6246085608445495,0.8000969148498696
0.323852763056362,0.673168978803444,0.8313036977653516
0.2065974971950883,0.5103614338649657,0.3717611748465321
0.2821313780412844,0.4641193987732944,0.6596981249447373
0.7400111851088631,0.2884715160237704,0.6562233889137391
0.7243340465375092,0.396915652165587,0.5584965391508787
0.558447861302185,0.4604116197043252,0.9530474037987704
0.5603101162601921,0.2531602578077704,0.8792544239112547
0.5990220047277534,0.3323671716267268,0.7880465673367457
0.3052227671740698,0.5589351764382433,0.8000286450144982
0.748647167554976,0.641397868543514,0.6232013006691833
0.4512623149352439,0.79900850683577,0.9446961647676031
0.4298831169496985,0.7598679988061348,0.7862167990772997
0.5113506231697026,0.585539119721115,0.8102867431590715
0.228179580065033,0.4527488319764432,0.9031836326511415
0.2997700212536477,0.5817064188249397,0.4918501125395337
0.6428201698558224,0.6713909708481393,0.8649496327066921
0.2496792007550759,0.2710017145540324,0.4366684220695444
0.5618912656798329,0.445942933817773,0.5417393665714214
0.3472094658087926,0.7038813713813703,0.5349273179888898
0.433577368425186,0.4302997711598264,0.9849678278723983
0.37321624206242,0.543123362736312,0.8995760566235487
0.4134036298789695,0.552661616517319,0.7908189031131818
0.6314275431105474,0.3106857518801837,0.808939733130773
0.3782730293739051,0.4173412649913731,0.6934509560817997
0.5398427841781384,0.4007067732451594,0.9629634669759632
0.4856302413194599,0.2157180251192389,0.647381127017653
0.598202699217589,0.2145150583348132,0.5663623969089262
0.7620978435948549,0.6990182262054642,0.4141247358521137
0.6395432583261502,0.3638424859836875,0.8503439565827406
0.3289642271544541,0.5108472597432894,0.8141107524529139
0.2187098810367708,0.3792353441532639,0.5690485269668943
0.3573584265798951,0.7644075470692044,0.3176353897714606
0.5570467584201529,0.3555780553194643,0.8872981294026074
0.2308554880905502,0.4577940876433611,0.3079925884178515
0.4978197483207419,0.7236381502907612,0.7925898457403356
0.5581057093501336,0.7051601400750853,0.9791799768082399
0.4005463344901765,0.3116608507077664,0.6063629297037424
0.6625473222474932,0.6815859858774262,0.4644813834971669
0.2639589518802631,0.4749121320427356,0.7934097070303672
0.2450826690414853,0.4897813232512132,0.8719896994109095
0.636913253722162,0.2800879834495663,0.6825012212544931
0.4972947897237192,0.2483609082542748,0.9769246926793023
0.6130414378566418,0.6367635841842592,0.3361681051605728
0.4608964031622478,0.4978766914131799,0.6533569188131696
0.3478412199434641,0.4621104215691078,0.8029177631257851
0.6914613906045199,0.6377049371914381,0.9038483298044253
0.6796495273813876,0.6593077393946659,0.425478928335453
0.6168178825126561,0.2953449006016122,0.8600024372345769
0.3632870823379777,0.5661350896865849,0.6868949530029816
0.5541384001214523,0.2812124493666113,0.5775875773929742
0.4165843381640161,0.6508250516174274,0.3922005200053655
0.2549492439959805,0.5941730937602838,0.9057070312362387
0.7503881452773458,0.7739687726500748,0.4100912457258007
0.2820911785513769,0.2413748098138527,0.5168515014463695
0.7701424122924816,0.2342328326907526,0.5030318723737057
0.4676034637747735,0.3693122448159201,0.909989823933598
0.0000000000000001,0.0000000000000001,0.0000000000000001
0.9999999999999999,0.9999999999999999,0.9999999999999999